Evidence ID,File,Purpose
EVID-001,evidence_001.png,Jira practical-session screenshot evidence
EVID-002,evidence_002.png,Jira practical-session screenshot evidence
EVID-003,evidence_003.png,Jira practical-session screenshot evidence
EVID-004,evidence_004.png,Jira practical-session screenshot evidence
EVID-005,evidence_005.png,Jira practical-session screenshot evidence
EVID-006,evidence_006.png,Jira practical-session screenshot evidence
EVID-007,evidence_007.png,Jira practical-session screenshot evidence
EVID-008,evidence_008.png,Jira practical-session screenshot evidence
EVID-009,evidence_009.png,Jira practical-session screenshot evidence
EVID-010,evidence_010.png,Jira practical-session screenshot evidence
EVID-011,evidence_011.png,Jira practical-session screenshot evidence
EVID-012,evidence_012.png,Jira practical-session screenshot evidence
EVID-013,evidence_013.png,Jira practical-session screenshot evidence
EVID-014,evidence_014.png,Jira practical-session screenshot evidence
EVID-015,evidence_015.png,Jira practical-session screenshot evidence
EVID-016,evidence_016.png,Jira practical-session screenshot evidence
EVID-017,evidence_017.png,Jira practical-session screenshot evidence
EVID-018,evidence_018.png,Jira practical-session screenshot evidence
EVID-019,evidence_019.png,Jira practical-session screenshot evidence
EVID-020,evidence_020.png,Jira practical-session screenshot evidence
EVID-021,evidence_021.png,Jira practical-session screenshot evidence
EVID-022,evidence_022.png,Jira practical-session screenshot evidence
EVID-023,evidence_023.png,Jira practical-session screenshot evidence
EVID-024,evidence_024.png,Jira practical-session screenshot evidence
EVID-025,evidence_025.png,Jira practical-session screenshot evidence
EVID-026,evidence_026.png,Jira practical-session screenshot evidence
EVID-027,evidence_027.png,Jira practical-session screenshot evidence
EVID-028,evidence_028.png,Jira practical-session screenshot evidence
EVID-029,evidence_029.png,Jira practical-session screenshot evidence
EVID-030,evidence_030.png,Jira practical-session screenshot evidence
EVID-031,evidence_031.png,Jira practical-session screenshot evidence
EVID-032,evidence_032.png,Jira practical-session screenshot evidence
EVID-033,evidence_033.png,Jira practical-session screenshot evidence
EVID-034,evidence_034.png,Jira practical-session screenshot evidence
EVID-035,evidence_035.png,Jira practical-session screenshot evidence
EVID-036,evidence_036.png,Jira practical-session screenshot evidence
EVID-037,evidence_037.png,Jira practical-session screenshot evidence
EVID-038,evidence_038.png,Jira practical-session screenshot evidence
EVID-039,evidence_039.png,Jira practical-session screenshot evidence
EVID-040,evidence_040.png,Jira practical-session screenshot evidence
EVID-041,evidence_041.png,Jira practical-session screenshot evidence
EVID-042,evidence_042.png,Jira practical-session screenshot evidence
EVID-043,evidence_043.png,Jira practical-session screenshot evidence
EVID-044,evidence_044.png,Jira practical-session screenshot evidence
EVID-045,evidence_045.png,Jira practical-session screenshot evidence
EVID-046,evidence_046.png,Jira practical-session screenshot evidence
EVID-047,evidence_047.png,Jira practical-session screenshot evidence
EVID-048,evidence_048.png,Jira practical-session screenshot evidence
EVID-049,evidence_049.png,Jira practical-session screenshot evidence
EVID-050,evidence_050.png,Jira practical-session screenshot evidence
EVID-051,evidence_051.png,Jira practical-session screenshot evidence
EVID-052,evidence_052.png,Jira practical-session screenshot evidence
EVID-053,evidence_053.png,Jira practical-session screenshot evidence
EVID-054,evidence_054.png,Jira practical-session screenshot evidence
EVID-055,evidence_055.png,Jira practical-session screenshot evidence
EVID-056,evidence_056.png,Jira practical-session screenshot evidence
EVID-057,evidence_057.png,Jira practical-session screenshot evidence
EVID-058,evidence_058.png,Jira practical-session screenshot evidence
EVID-059,evidence_059.png,Jira practical-session screenshot evidence
EVID-060,evidence_060.png,Jira practical-session screenshot evidence
EVID-061,evidence_061.png,Jira practical-session screenshot evidence
EVID-062,evidence_062.png,Jira practical-session screenshot evidence
EVID-063,evidence_063.png,Jira practical-session screenshot evidence
EVID-064,evidence_064.png,Jira practical-session screenshot evidence
EVID-065,evidence_065.png,Jira practical-session screenshot evidence
EVID-066,evidence_066.png,Jira practical-session screenshot evidence
EVID-067,evidence_067.png,Jira practical-session screenshot evidence
EVID-068,evidence_068.png,Jira practical-session screenshot evidence
EVID-069,evidence_069.png,Jira practical-session screenshot evidence
EVID-070,evidence_070.png,Jira practical-session screenshot evidence
EVID-071,evidence_071.png,Jira practical-session screenshot evidence
EVID-072,evidence_072.png,Jira practical-session screenshot evidence
EVID-073,evidence_073.png,Jira practical-session screenshot evidence
EVID-074,evidence_074.png,Jira practical-session screenshot evidence
EVID-075,evidence_075.png,Jira practical-session screenshot evidence
EVID-076,evidence_076.png,Jira practical-session screenshot evidence
EVID-077,evidence_077.png,Jira practical-session screenshot evidence
EVID-078,evidence_078.png,Jira practical-session screenshot evidence
EVID-079,evidence_079.png,Jira practical-session screenshot evidence
EVID-080,evidence_080_final_dashboard.png,Final AI TPM Delivery Dashboard screenshot
